sale_id,client_id,product_id,quantity,total_price,sale_date
1,317,13,3,2751.99,2023-10-22
2,466,9,5,7410.65,2023-12-09
3,462,3,3,3958.98,2024-07-25
4,51,12,1,1563.59,2025-05-17
5,461,14,3,6875.49,2025-04-05
6,242,9,1,1482.13,2024-12-20
7,182,7,3,7119.06,2024-11-26
8,313,11,2,5467.06,2024-10-01
9,495,9,4,5928.52,2023-09-11
10,227,14,5,11459.15,2024-01-09
11,134,1,5,12744.1,2024-07-08
12,469,1,1,2548.82,2024-05-30
13,369,14,4,9167.32,2025-07-30
14,364,14,1,2291.83,2024-06-13
15,314,8,3,2938.83,2025-07-15
16,125,12,3,4690.77,2024-12-11
17,361,14,1,2291.83,2025-02-10
18,98,10,2,3583.62,2024-12-13
19,123,13,2,1834.66,2024-05-20
20,412,9,4,5928.52,2025-03-25
21,47,2,3,6894.21,2025-07-22
22,449,9,4,5928.52,2023-10-11
23,56,5,5,7913.5,2025-07-16
24,150,12,1,1563.59,2025-04-11
25,281,6,5,6371.55,2025-05-01
26,105,13,5,4586.65,2025-05-12
27,281,10,3,5375.43,2025-03-12
28,228,2,5,11490.35,2024-03-08
29,409,7,3,7119.06,2025-03-30
30,295,4,3,2552.58,2025-08-18
31,95,4,2,1701.72,2024-03-25
32,17,10,3,5375.43,2023-12-22
33,244,2,1,2298.07,2025-06-17
34,348,13,2,1834.66,2024-04-24
35,449,3,1,1319.66,2023-12-29
36,432,2,5,11490.35,2024-04-13
37,350,7,5,11865.1,2024-04-13
38,142,9,2,2964.26,2024-08-03
39,435,4,5,4254.3,2024-09-30
40,423,7,5,11865.1,2023-09-16
41,141,8,4,3918.44,2023-09-16
42,339,11,3,8200.59,2025-08-21
43,43,6,5,6371.55,2024-05-20
44,60,8,5,4898.05,2024-07-10
45,323,6,2,2548.62,2025-01-27
46,125,1,3,7646.46,2024-11-29
47,60,12,2,3127.18,2023-10-12
48,191,13,2,1834.66,2024-12-22
49,171,7,1,2373.02,2024-01-24
50,52,13,2,1834.66,2025-08-21
51,438,12,2,3127.18,2024-05-17
52,24,14,5,11459.15,2024-02-14
53,325,9,5,7410.65,2024-05-05
54,349,2,1,2298.07,2025-03-15
55,64,11,2,5467.06,2025-08-05
56,311,14,5,11459.15,2024-09-25
57,62,7,1,2373.02,2024-10-26
58,190,14,1,2291.83,2024-03-25
59,19,10,1,1791.81,2023-10-22
60,100,3,1,1319.66,2024-11-18
61,246,4,1,850.86,2023-11-08
62,480,11,1,2733.53,2023-12-19
63,279,7,5,11865.1,2024-05-07
64,52,14,3,6875.49,2024-10-05
65,36,4,1,850.86,2024-01-05
66,332,5,3,4748.1,2024-05-22
67,224,3,1,1319.66,2024-11-18
68,258,8,1,979.61,2023-12-10
69,306,2,4,9192.28,2023-09-11
70,103,5,3,4748.1,2024-03-21
71,464,12,4,6254.36,2024-12-13
72,430,10,2,3583.62,2024-05-14
73,358,11,2,5467.06,2025-08-16
74,495,13,1,917.33,2024-05-05
75,404,11,2,5467.06,2025-05-02
76,433,3,3,3958.98,2023-12-11
77,272,5,1,1582.7,2025-06-22
78,306,8,2,1959.22,2023-10-27
79,7,8,4,3918.44,2025-05-07
80,461,10,5,8959.05,2024-04-26
81,470,5,3,4748.1,2023-11-16
82,199,14,3,6875.49,2024-04-23
83,79,9,1,1482.13,2023-09-27
84,235,12,1,1563.59,2025-01-29
85,172,12,1,1563.59,2023-11-03
86,279,5,2,3165.4,2024-10-09
87,123,13,4,3669.32,2025-01-16
88,181,10,3,5375.43,2024-09-09
89,345,6,5,6371.55,2023-09-21
90,485,11,5,13667.65,2024-06-03
91,68,12,3,4690.77,2024-11-08
92,199,12,4,6254.36,2024-11-20
93,425,11,1,2733.53,2023-11-14
94,1,10,2,3583.62,2025-07-04
95,358,6,2,2548.62,2025-04-18
96,123,4,4,3403.44,2025-05-22
97,194,12,5,7817.95,2024-04-01
98,448,7,1,2373.02,2024-07-03
99,206,14,5,11459.15,2024-06-05
100,215,13,1,917.33,2024-11-30
101,85,8,1,979.61,2024-11-07
102,133,12,2,3127.18,2025-02-21
103,229,9,4,5928.52,2023-12-28
104,465,9,5,7410.65,2023-11-16
105,387,1,1,2548.82,2024-12-31
106,254,6,3,3822.93,2025-07-25
107,429,8,1,979.61,2023-12-22
108,415,14,4,9167.32,2025-02-18
109,97,9,1,1482.13,2025-08-01
110,429,12,2,3127.18,2024-04-12
111,8,7,4,9492.08,2024-03-23
112,162,1,2,5097.64,2025-04-18
113,8,12,1,1563.59,2025-05-05
114,422,11,5,13667.65,2023-09-10
115,314,2,2,4596.14,2025-01-06
116,61,10,2,3583.62,2025-04-23
117,448,5,3,4748.1,2025-08-04
118,353,3,1,1319.66,2024-06-04
119,244,14,4,9167.32,2025-03-06
120,322,2,1,2298.07,2024-05-09
121,141,8,1,979.61,2024-09-12
122,442,5,2,3165.4,2024-11-03
123,335,9,3,4446.39,2025-02-10
124,59,14,2,4583.66,2025-07-30
125,143,14,1,2291.83,2024-05-15
126,22,1,2,5097.64,2024-09-25
127,349,5,5,7913.5,2024-01-10
128,162,6,5,6371.55,2024-02-19
129,466,14,1,2291.83,2025-05-05
130,434,12,5,7817.95,2024-08-17
131,336,8,4,3918.44,2024-01-23
132,328,7,3,7119.06,2024-06-08
133,447,9,2,2964.26,2025-04-25
134,107,7,5,11865.1,2025-05-01
135,150,1,2,5097.64,2024-12-08
136,78,5,3,4748.1,2023-09-17
137,173,13,3,2751.99,2023-10-22
138,368,2,3,6894.21,2023-11-25
139,400,10,1,1791.81,2023-10-15
140,22,5,2,3165.4,2025-08-21
141,77,10,3,5375.43,2024-06-17
142,185,7,5,11865.1,2024-11-05
143,67,5,1,1582.7,2025-05-19
144,245,12,2,3127.18,2024-02-24
145,479,1,3,7646.46,2024-12-27
146,92,14,5,11459.15,2024-09-13
147,374,2,3,6894.21,2023-11-06
148,207,14,3,6875.49,2024-07-06
149,154,7,1,2373.02,2025-08-04
150,51,9,4,5928.52,2024-09-12
151,243,6,3,3822.93,2024-02-21
152,64,8,1,979.61,2023-08-28
153,359,8,4,3918.44,2025-03-15
154,20,5,3,4748.1,2024-12-12
155,377,11,2,5467.06,2024-06-30
156,471,3,5,6598.3,2024-01-08
157,193,13,1,917.33,2025-07-01
158,34,13,1,917.33,2024-10-08
159,102,12,2,3127.18,2025-06-05
160,32,7,1,2373.02,2025-06-04
161,51,7,5,11865.1,2024-11-18
162,266,5,4,6330.8,2024-06-10
163,472,8,5,4898.05,2025-05-18
164,366,11,2,5467.06,2025-06-21
165,217,2,3,6894.21,2025-04-04
166,113,5,5,7913.5,2024-05-13
167,398,3,4,5278.64,2025-01-10
168,99,6,1,1274.31,2024-01-22
169,33,14,1,2291.83,2025-07-04
170,463,9,4,5928.52,2025-02-28
171,386,11,2,5467.06,2024-04-20
172,61,8,4,3918.44,2025-06-25
173,132,4,1,850.86,2023-09-26
174,486,13,2,1834.66,2025-04-26
175,320,3,1,1319.66,2025-04-25
176,102,8,4,3918.44,2025-06-02
177,186,9,2,2964.26,2025-01-13
178,54,10,4,7167.24,2025-06-29
179,76,10,4,7167.24,2025-05-28
180,327,11,4,10934.12,2024-12-09
181,450,9,4,5928.52,2025-01-11
182,348,6,4,5097.24,2023-11-01
183,256,11,2,5467.06,2024-05-02
184,278,10,2,3583.62,2024-09-05
185,5,6,3,3822.93,2023-09-30
186,419,6,1,1274.31,2024-01-03
187,269,3,3,3958.98,2024-03-14
188,309,13,2,1834.66,2023-10-20
189,432,7,5,11865.1,2025-05-08
190,151,12,4,6254.36,2024-06-21
191,34,13,1,917.33,2025-04-18
192,265,14,1,2291.83,2024-08-31
193,34,4,2,1701.72,2023-12-21
194,21,5,1,1582.7,2024-11-23
195,389,14,4,9167.32,2024-03-23
196,170,14,2,4583.66,2024-06-22
197,410,3,4,5278.64,2023-12-19
198,496,6,5,6371.55,2025-07-06
199,196,9,5,7410.65,2024-10-15
200,18,10,1,1791.81,2025-08-22
201,348,13,5,4586.65,2023-10-03
202,389,10,1,1791.81,2025-05-30
203,383,7,2,4746.04,2024-01-14
204,149,9,5,7410.65,2025-07-11
205,214,14,4,9167.32,2024-03-29
206,433,13,4,3669.32,2025-02-17
207,312,10,2,3583.62,2025-08-23
208,436,14,1,2291.83,2023-12-04
209,337,1,2,5097.64,2025-04-08
210,155,9,5,7410.65,2025-03-28
211,131,6,1,1274.31,2025-05-12
212,253,14,3,6875.49,2024-07-03
213,483,14,3,6875.49,2023-09-07
214,396,7,4,9492.08,2024-03-02
215,415,7,1,2373.02,2025-04-05
216,84,11,2,5467.06,2024-08-06
217,123,5,3,4748.1,2024-11-20
218,29,1,4,10195.28,2023-10-31
219,214,3,4,5278.64,2023-10-14
220,456,14,5,11459.15,2024-11-13
221,368,2,2,4596.14,2024-02-05
222,415,6,4,5097.24,2024-11-26
223,19,10,4,7167.24,2024-01-07
224,198,8,1,979.61,2025-05-04
225,52,8,2,1959.22,2024-12-24
226,11,1,5,12744.1,2024-10-17
227,317,3,3,3958.98,2024-10-19
228,54,12,5,7817.95,2024-06-09
229,333,6,2,2548.62,2025-07-30
230,197,13,4,3669.32,2024-01-03
231,57,1,5,12744.1,2025-03-11
232,359,8,5,4898.05,2025-06-02
233,324,6,1,1274.31,2024-01-23
234,497,11,5,13667.65,2023-09-15
235,152,13,2,1834.66,2025-05-30
236,491,7,3,7119.06,2024-08-29
237,470,12,1,1563.59,2024-11-03
238,266,14,2,4583.66,2025-05-19
239,20,13,4,3669.32,2024-12-19
240,228,6,2,2548.62,2024-08-21
241,234,6,1,1274.31,2024-10-15
242,490,1,1,2548.82,2024-06-13
243,249,5,1,1582.7,2024-11-26
244,484,9,5,7410.65,2025-08-03
245,293,4,2,1701.72,2024-05-22
246,48,13,5,4586.65,2025-08-08
247,358,9,4,5928.52,2025-05-01
248,260,5,1,1582.7,2025-07-12
249,75,7,5,11865.1,2025-05-08
250,217,2,1,2298.07,2025-01-29
251,213,2,1,2298.07,2024-08-27
252,213,13,2,1834.66,2023-10-18
253,376,1,4,10195.28,2024-07-29
254,221,11,4,10934.12,2025-08-11
255,16,8,3,2938.83,2025-06-15
256,370,5,1,1582.7,2024-09-13
257,181,2,1,2298.07,2025-05-09
258,184,12,1,1563.59,2024-08-08
259,177,6,2,2548.62,2025-07-22
260,6,14,2,4583.66,2025-05-17
261,420,6,1,1274.31,2024-12-10
262,306,3,2,2639.32,2025-05-28
263,2,4,1,850.86,2024-08-24
264,383,1,3,7646.46,2024-07-06
265,189,12,1,1563.59,2024-12-19
266,478,10,2,3583.62,2023-12-14
267,440,3,2,2639.32,2025-07-05
268,233,2,4,9192.28,2024-06-26
269,177,12,3,4690.77,2025-02-11
270,67,1,2,5097.64,2024-07-27
271,186,6,4,5097.24,2023-09-23
272,492,5,3,4748.1,2024-06-25
273,480,9,3,4446.39,2024-03-25
274,95,10,1,1791.81,2023-09-24
275,53,9,5,7410.65,2025-06-13
276,158,3,4,5278.64,2025-04-08
277,460,3,2,2639.32,2025-08-18
278,412,4,3,2552.58,2025-05-14
279,261,4,2,1701.72,2024-04-13
280,387,3,3,3958.98,2024-02-02
281,191,7,1,2373.02,2023-10-11
282,441,3,5,6598.3,2024-12-02
283,11,7,1,2373.02,2024-04-24
284,360,2,2,4596.14,2024-04-18
285,216,5,5,7913.5,2024-06-13
286,214,12,2,3127.18,2025-08-20
287,303,7,3,7119.06,2024-12-23
288,327,6,1,1274.31,2024-05-17
289,128,8,3,2938.83,2025-08-14
290,327,9,1,1482.13,2025-06-02
291,193,7,1,2373.02,2024-01-23
292,214,12,3,4690.77,2024-03-07
293,226,4,3,2552.58,2023-12-20
294,151,8,1,979.61,2024-03-22
295,487,3,1,1319.66,2024-11-07
296,142,2,5,11490.35,2024-11-19
297,311,12,2,3127.18,2024-07-20
298,408,12,4,6254.36,2023-10-16
299,476,7,2,4746.04,2023-10-18
300,394,7,4,9492.08,2024-07-05
301,90,4,4,3403.44,2024-01-18
302,175,9,2,2964.26,2025-02-28
303,182,8,1,979.61,2024-08-07
304,248,13,2,1834.66,2024-03-21
305,151,1,4,10195.28,2025-03-02
306,317,8,1,979.61,2025-03-06
307,112,5,1,1582.7,2023-09-24
308,394,11,3,8200.59,2024-10-30
309,280,10,2,3583.62,2024-05-02
310,218,12,4,6254.36,2023-09-05
311,48,11,4,10934.12,2024-08-25
312,390,4,5,4254.3,2023-10-14
313,391,7,3,7119.06,2025-05-04
314,324,1,1,2548.82,2023-09-04
315,139,11,1,2733.53,2024-05-23
316,1,5,4,6330.8,2024-06-10
317,270,10,4,7167.24,2023-10-08
318,228,2,3,6894.21,2024-03-10
319,182,5,2,3165.4,2023-12-08
320,305,2,1,2298.07,2025-08-03
321,37,13,3,2751.99,2025-04-05
322,157,9,3,4446.39,2025-04-30
323,61,9,2,2964.26,2024-03-15
324,457,13,2,1834.66,2025-05-30
325,35,7,3,7119.06,2025-04-17
326,145,9,2,2964.26,2023-11-14
327,294,9,2,2964.26,2024-03-26
328,273,2,4,9192.28,2025-08-22
329,490,11,5,13667.65,2024-03-20
330,207,12,3,4690.77,2024-05-05
331,150,8,3,2938.83,2025-05-06
332,291,11,2,5467.06,2025-01-28
333,81,2,1,2298.07,2024-06-18
334,196,7,5,11865.1,2024-08-03
335,240,3,5,6598.3,2023-12-17
336,343,5,3,4748.1,2024-05-09
337,324,8,4,3918.44,2024-02-21
338,112,8,4,3918.44,2023-12-17
339,356,9,3,4446.39,2025-01-16
340,253,11,1,2733.53,2024-11-28
341,228,5,2,3165.4,2024-10-01
342,382,8,1,979.61,2024-04-20
343,455,10,2,3583.62,2025-01-24
344,14,6,4,5097.24,2025-04-20
345,201,1,5,12744.1,2023-10-08
346,35,11,1,2733.53,2025-04-16
347,352,12,4,6254.36,2024-01-28
348,4,6,1,1274.31,2024-03-24
349,60,10,1,1791.81,2024-07-09
350,139,14,3,6875.49,2024-03-18
351,373,4,2,1701.72,2025-06-03
352,385,10,3,5375.43,2025-03-18
353,98,2,4,9192.28,2023-09-21
354,236,12,3,4690.77,2024-05-09
355,197,3,3,3958.98,2024-02-17
356,216,11,4,10934.12,2024-08-19
357,76,8,2,1959.22,2025-04-26
358,269,6,2,2548.62,2023-11-06
359,107,3,4,5278.64,2024-12-26
360,179,13,4,3669.32,2024-08-13
361,219,13,4,3669.32,2023-12-02
362,200,12,2,3127.18,2024-10-31
363,408,4,4,3403.44,2024-05-12
364,482,4,5,4254.3,2025-08-04
365,364,1,4,10195.28,2024-11-14
366,18,4,1,850.86,2024-02-06
367,446,3,3,3958.98,2023-12-18
368,30,12,2,3127.18,2025-08-23
369,120,10,3,5375.43,2023-10-18
370,314,2,5,11490.35,2024-05-18
371,385,5,3,4748.1,2023-10-02
372,211,8,1,979.61,2025-06-25
373,324,12,5,7817.95,2025-08-03
374,341,11,5,13667.65,2024-04-01
375,477,12,4,6254.36,2024-11-25
376,298,8,4,3918.44,2025-04-10
377,131,12,4,6254.36,2023-09-22
378,111,6,3,3822.93,2025-02-14
379,22,1,1,2548.82,2023-10-19
380,84,6,1,1274.31,2023-09-01
381,149,11,1,2733.53,2025-07-13
382,72,2,4,9192.28,2024-12-29
383,349,4,5,4254.3,2024-01-29
384,204,9,2,2964.26,2024-02-01
385,233,4,3,2552.58,2025-05-03
386,312,2,5,11490.35,2023-11-16
387,453,2,3,6894.21,2023-12-04
388,166,9,4,5928.52,2025-03-13
389,458,6,3,3822.93,2023-10-29
390,15,9,1,1482.13,2024-12-16
391,98,6,1,1274.31,2023-10-13
392,108,14,5,11459.15,2025-07-19
393,178,4,2,1701.72,2024-11-14
394,129,11,3,8200.59,2024-11-10
395,160,9,4,5928.52,2024-08-29
396,131,8,3,2938.83,2023-09-05
397,447,12,2,3127.18,2024-10-18
398,23,5,5,7913.5,2023-11-18
399,38,1,4,10195.28,2024-07-16
400,254,12,4,6254.36,2025-07-21
401,25,13,4,3669.32,2024-08-21
402,253,8,4,3918.44,2025-05-05
403,61,2,1,2298.07,2024-08-05
404,124,2,2,4596.14,2023-10-31
405,212,4,4,3403.44,2024-07-02
406,314,2,4,9192.28,2024-02-25
407,287,13,4,3669.32,2024-08-05
408,21,3,2,2639.32,2025-02-11
409,251,4,2,1701.72,2023-10-01
410,431,14,3,6875.49,2024-12-27
411,479,6,3,3822.93,2024-09-25
412,223,2,5,11490.35,2025-07-05
413,461,5,5,7913.5,2024-08-25
414,278,13,2,1834.66,2024-05-08
415,365,5,4,6330.8,2025-06-12
416,264,10,4,7167.24,2024-04-19
417,275,11,3,8200.59,2024-08-03
418,140,4,1,850.86,2024-09-19
419,61,10,1,1791.81,2023-10-09
420,89,12,4,6254.36,2025-07-15
421,128,4,3,2552.58,2025-06-22
422,451,12,1,1563.59,2025-06-28
423,380,9,5,7410.65,2024-11-24
424,220,14,1,2291.83,2024-06-06
425,63,7,3,7119.06,2024-12-22
426,61,12,5,7817.95,2024-08-31
427,184,4,5,4254.3,2024-09-03
428,339,5,2,3165.4,2024-02-21
429,379,14,2,4583.66,2024-12-16
430,34,9,3,4446.39,2024-12-26
431,346,6,2,2548.62,2024-02-09
432,192,11,4,10934.12,2025-03-13
433,147,10,2,3583.62,2025-08-23
434,71,13,1,917.33,2023-10-31
435,284,9,3,4446.39,2024-04-15
436,188,10,1,1791.81,2024-03-24
437,416,3,4,5278.64,2023-09-27
438,80,3,5,6598.3,2024-05-19
439,40,3,2,2639.32,2025-04-28
440,401,13,4,3669.32,2023-11-04
441,292,13,2,1834.66,2024-05-14
442,121,12,2,3127.18,2025-08-11
443,418,4,4,3403.44,2024-09-12
444,181,10,5,8959.05,2025-08-03
445,68,11,4,10934.12,2024-10-05
446,462,2,5,11490.35,2023-12-29
447,427,1,5,12744.1,2024-01-01
448,306,6,4,5097.24,2025-01-03
449,234,5,1,1582.7,2025-08-15
450,491,4,5,4254.3,2025-05-07
451,335,3,4,5278.64,2024-02-21
452,415,12,4,6254.36,2025-04-20
453,280,6,1,1274.31,2024-10-18
454,133,3,5,6598.3,2023-10-02
455,206,12,2,3127.18,2024-07-01
456,421,6,3,3822.93,2025-02-06
457,197,1,2,5097.64,2024-01-14
458,20,6,2,2548.62,2024-03-18
459,176,14,4,9167.32,2024-05-29
460,343,12,2,3127.18,2024-09-24
461,134,6,2,2548.62,2024-01-20
462,157,1,3,7646.46,2024-02-15
463,294,9,1,1482.13,2025-03-01
464,375,11,2,5467.06,2024-10-07
465,181,1,4,10195.28,2025-06-13
466,322,1,1,2548.82,2024-10-14
467,124,1,1,2548.82,2023-10-30
468,116,11,3,8200.59,2024-01-29
469,35,14,1,2291.83,2024-11-16
470,177,11,4,10934.12,2024-02-03
471,70,4,4,3403.44,2025-05-31
472,223,3,3,3958.98,2025-03-29
473,160,3,3,3958.98,2024-12-17
474,373,13,4,3669.32,2023-12-17
475,196,1,4,10195.28,2023-12-07
476,457,5,5,7913.5,2023-12-26
477,273,13,4,3669.32,2023-12-07
478,389,1,5,12744.1,2024-09-20
479,472,2,4,9192.28,2025-04-27
480,489,7,2,4746.04,2024-02-07
481,2,9,2,2964.26,2024-06-25
482,319,14,5,11459.15,2024-10-10
483,431,12,2,3127.18,2024-07-26
484,41,6,2,2548.62,2024-10-08
485,431,14,2,4583.66,2024-04-15
486,127,1,2,5097.64,2025-08-13
487,381,13,5,4586.65,2024-03-05
488,87,12,1,1563.59,2023-10-14
489,219,14,5,11459.15,2024-09-07
490,54,10,4,7167.24,2023-12-10
491,364,3,5,6598.3,2024-05-25
492,309,1,3,7646.46,2025-02-07
493,175,13,4,3669.32,2023-11-13
494,14,11,1,2733.53,2024-07-18
495,255,2,3,6894.21,2023-11-14
496,150,11,2,5467.06,2024-10-22
497,235,4,5,4254.3,2024-12-07
498,183,3,4,5278.64,2023-10-25
499,173,5,4,6330.8,2024-11-13
500,484,7,1,2373.02,2024-12-31
501,160,9,3,4446.39,2025-07-18
502,282,8,1,979.61,2024-12-12
503,396,9,5,7410.65,2024-05-06
504,283,5,1,1582.7,2025-02-25
505,234,7,1,2373.02,2024-03-08
506,207,6,4,5097.24,2024-10-04
507,27,1,3,7646.46,2025-04-12
508,379,1,3,7646.46,2025-06-20
509,349,11,5,13667.65,2025-05-23
510,360,13,3,2751.99,2024-02-23
511,352,13,2,1834.66,2025-01-30
512,391,9,5,7410.65,2023-11-11
513,175,7,3,7119.06,2023-09-26
514,107,2,5,11490.35,2023-09-26
515,169,13,2,1834.66,2025-07-08
516,301,11,5,13667.65,2025-02-11
517,349,6,2,2548.62,2025-03-04
518,470,14,2,4583.66,2025-05-06
519,170,14,1,2291.83,2024-04-22
520,300,14,1,2291.83,2024-07-12
521,290,3,3,3958.98,2025-08-22
522,186,5,3,4748.1,2024-05-21
523,166,8,4,3918.44,2023-11-09
524,308,7,2,4746.04,2025-06-12
525,1,13,2,1834.66,2023-09-14
526,292,1,4,10195.28,2023-09-15
527,65,6,1,1274.31,2025-05-07
528,486,12,4,6254.36,2023-12-01
529,466,11,3,8200.59,2025-06-07
530,383,10,2,3583.62,2023-10-07
531,36,9,4,5928.52,2024-03-16
532,143,14,2,4583.66,2024-05-21
533,272,3,1,1319.66,2025-07-17
534,338,11,2,5467.06,2025-07-24
535,297,2,5,11490.35,2024-10-06
536,324,13,5,4586.65,2024-12-07
537,310,7,4,9492.08,2025-01-28
538,137,5,3,4748.1,2024-06-10
539,7,7,3,7119.06,2024-03-10
540,485,5,5,7913.5,2023-11-15
541,270,9,3,4446.39,2023-10-23
542,176,4,4,3403.44,2025-05-11
543,406,3,1,1319.66,2024-02-19
544,385,9,2,2964.26,2024-04-16
545,402,11,5,13667.65,2024-03-20
546,197,6,4,5097.24,2024-11-11
547,487,1,5,12744.1,2025-01-12
548,468,7,5,11865.1,2025-05-11
549,409,13,2,1834.66,2024-10-09
550,461,1,3,7646.46,2023-10-07
551,271,3,2,2639.32,2024-06-27
552,324,6,4,5097.24,2024-12-26
553,10,12,2,3127.18,2024-10-09
554,293,4,3,2552.58,2023-12-09
555,95,13,4,3669.32,2023-11-15
556,40,10,4,7167.24,2024-04-22
557,122,12,4,6254.36,2025-03-04
558,443,9,1,1482.13,2023-10-07
559,491,4,2,1701.72,2025-01-20
560,226,2,4,9192.28,2023-11-29
561,325,7,3,7119.06,2025-01-06
562,130,7,3,7119.06,2024-02-24
563,313,6,1,1274.31,2025-01-09
564,158,1,4,10195.28,2024-11-08
565,6,13,3,2751.99,2023-12-10
566,104,13,4,3669.32,2023-10-11
567,198,7,4,9492.08,2025-08-08
568,357,14,1,2291.83,2025-06-20
569,299,8,3,2938.83,2024-08-05
570,425,10,2,3583.62,2023-10-18
571,289,12,3,4690.77,2024-05-17
572,168,14,1,2291.83,2023-11-29
573,204,8,5,4898.05,2024-05-25
574,70,1,1,2548.82,2025-02-13
575,290,14,3,6875.49,2024-05-01
576,185,1,1,2548.82,2023-10-10
577,98,12,1,1563.59,2025-07-22
578,344,9,4,5928.52,2024-07-17
579,23,6,1,1274.31,2023-10-26
580,162,7,2,4746.04,2024-03-28
581,392,11,3,8200.59,2024-11-05
582,209,11,2,5467.06,2024-06-24
583,305,3,4,5278.64,2024-03-15
584,444,5,5,7913.5,2024-07-31
585,31,3,2,2639.32,2023-11-14
586,458,3,4,5278.64,2025-06-17
587,362,11,1,2733.53,2024-10-12
588,374,14,5,11459.15,2025-07-14
589,23,14,5,11459.15,2024-11-03
590,354,12,4,6254.36,2024-06-12
591,487,3,3,3958.98,2024-05-25
592,410,10,1,1791.81,2024-05-08
593,42,9,2,2964.26,2024-06-04
594,417,5,2,3165.4,2024-06-23
595,410,5,3,4748.1,2025-08-10
596,359,12,3,4690.77,2025-04-29
597,401,5,5,7913.5,2024-10-26
598,479,8,2,1959.22,2025-02-06
599,388,8,5,4898.05,2025-05-12
600,79,1,5,12744.1,2024-02-10
601,91,11,5,13667.65,2025-02-17
602,18,13,3,2751.99,2023-12-15
603,419,2,2,4596.14,2025-01-26
604,332,13,4,3669.32,2025-06-07
605,313,4,4,3403.44,2025-08-24
606,268,3,3,3958.98,2025-06-09
607,468,11,2,5467.06,2025-03-28
608,244,13,5,4586.65,2024-07-28
609,30,9,1,1482.13,2024-08-15
610,421,9,3,4446.39,2024-09-08
611,2,14,1,2291.83,2024-08-25
612,54,7,5,11865.1,2025-06-27
613,181,10,4,7167.24,2025-05-01
614,172,14,4,9167.32,2024-09-14
615,263,6,1,1274.31,2025-06-15
616,70,6,1,1274.31,2024-09-19
617,94,12,2,3127.18,2025-05-06
618,10,6,5,6371.55,2025-01-05
619,99,1,4,10195.28,2025-04-13
620,331,1,3,7646.46,2025-06-06
621,408,7,1,2373.02,2024-05-12
622,308,13,2,1834.66,2025-07-06
623,184,14,1,2291.83,2024-12-11
624,210,1,4,10195.28,2025-05-25
625,182,10,5,8959.05,2023-10-14
626,388,5,3,4748.1,2025-06-18
627,289,14,4,9167.32,2024-01-18
628,212,3,1,1319.66,2023-12-05
629,233,13,3,2751.99,2023-12-15
630,98,7,1,2373.02,2024-10-02
631,184,2,1,2298.07,2025-05-30
632,14,6,1,1274.31,2023-10-13
633,91,7,5,11865.1,2024-10-25
634,354,11,1,2733.53,2025-02-13
635,166,8,5,4898.05,2024-08-02
636,382,14,4,9167.32,2025-06-02
637,244,2,1,2298.07,2024-06-04
638,275,14,4,9167.32,2024-11-27
639,405,13,3,2751.99,2024-07-18
640,15,11,5,13667.65,2024-02-12
641,50,14,1,2291.83,2025-01-13
642,171,6,1,1274.31,2024-03-01
643,242,1,2,5097.64,2025-04-06
644,466,9,3,4446.39,2024-04-21
645,492,1,1,2548.82,2024-05-01
646,193,6,2,2548.62,2024-04-15
647,484,9,2,2964.26,2025-01-03
648,83,3,2,2639.32,2025-08-09
649,328,11,2,5467.06,2023-12-20
650,483,10,3,5375.43,2024-09-11
651,485,1,4,10195.28,2024-09-22
652,491,11,4,10934.12,2024-04-03
653,23,4,2,1701.72,2024-05-03
654,326,5,3,4748.1,2024-01-09
655,88,4,3,2552.58,2025-07-19
656,116,3,4,5278.64,2023-11-14
657,238,6,5,6371.55,2024-03-17
658,71,7,5,11865.1,2023-11-26
659,395,1,2,5097.64,2023-09-23
660,477,10,1,1791.81,2023-12-09
661,352,7,2,4746.04,2024-03-14
662,77,1,1,2548.82,2024-11-12
663,422,6,5,6371.55,2025-03-25
664,2,1,1,2548.82,2024-11-06
665,398,2,5,11490.35,2023-12-21
666,314,3,2,2639.32,2025-02-10
667,345,13,4,3669.32,2025-08-25
668,404,1,4,10195.28,2023-10-13
669,224,10,3,5375.43,2023-09-19
670,365,4,2,1701.72,2025-04-06
671,187,9,2,2964.26,2025-03-20
672,274,7,1,2373.02,2024-01-16
673,67,7,5,11865.1,2025-06-09
674,338,6,1,1274.31,2023-09-24
675,221,7,2,4746.04,2025-02-19
676,242,7,2,4746.04,2023-11-19
677,470,7,2,4746.04,2023-09-30
678,331,8,4,3918.44,2024-08-04
679,472,10,1,1791.81,2024-06-13
680,428,5,3,4748.1,2023-09-30
681,454,9,3,4446.39,2023-09-03
682,278,1,5,12744.1,2025-04-02
683,314,13,4,3669.32,2024-03-31
684,449,4,3,2552.58,2024-03-22
685,21,10,3,5375.43,2025-02-21
686,445,13,4,3669.32,2024-06-23
687,494,11,1,2733.53,2023-10-04
688,274,14,1,2291.83,2024-01-01
689,74,12,4,6254.36,2024-11-12
690,14,13,4,3669.32,2025-03-27
691,375,14,4,9167.32,2024-06-19
692,222,2,4,9192.28,2025-05-11
693,310,8,2,1959.22,2025-07-10
694,87,6,4,5097.24,2024-03-29
695,211,3,5,6598.3,2023-10-28
696,471,14,3,6875.49,2024-11-06
697,391,9,1,1482.13,2024-03-19
698,478,6,3,3822.93,2023-10-24
699,74,11,3,8200.59,2024-08-25
700,393,8,5,4898.05,2025-06-20
701,386,1,2,5097.64,2025-05-28
702,450,5,2,3165.4,2024-01-05
703,371,10,3,5375.43,2025-05-11
704,152,7,1,2373.02,2024-03-02
705,150,9,4,5928.52,2025-06-12
706,18,11,4,10934.12,2024-09-04
707,138,7,2,4746.04,2024-03-17
708,178,3,2,2639.32,2025-05-19
709,57,10,3,5375.43,2024-09-07
710,85,1,4,10195.28,2025-01-30
711,296,7,4,9492.08,2025-01-04
712,39,11,1,2733.53,2024-08-22
713,399,7,5,11865.1,2023-11-25
714,372,9,2,2964.26,2025-06-06
715,87,3,2,2639.32,2024-07-07
716,85,4,1,850.86,2024-01-16
717,269,3,4,5278.64,2024-05-05
718,183,10,3,5375.43,2024-11-11
719,367,13,3,2751.99,2025-03-02
720,351,2,4,9192.28,2025-05-05
721,396,14,3,6875.49,2024-06-25
722,461,3,3,3958.98,2024-01-30
723,322,9,3,4446.39,2025-05-17
724,273,12,2,3127.18,2024-06-01
725,468,7,5,11865.1,2025-01-01
726,157,4,4,3403.44,2024-06-11
727,178,7,4,9492.08,2023-09-28
728,262,5,4,6330.8,2024-08-27
729,209,14,1,2291.83,2024-01-23
730,350,3,2,2639.32,2024-10-04
731,3,10,5,8959.05,2024-03-22
732,325,12,5,7817.95,2023-10-14
733,55,12,2,3127.18,2023-11-12
734,306,11,5,13667.65,2023-10-12
735,263,2,3,6894.21,2025-04-08
736,353,12,5,7817.95,2025-05-12
737,87,7,1,2373.02,2024-03-18
738,407,1,1,2548.82,2023-10-31
739,60,6,4,5097.24,2025-06-06
740,163,2,4,9192.28,2025-07-18
741,189,10,3,5375.43,2024-04-07
742,342,8,2,1959.22,2024-10-09
743,473,3,5,6598.3,2025-07-29
744,283,14,1,2291.83,2024-07-17
745,400,14,5,11459.15,2025-04-02
746,472,3,1,1319.66,2024-06-29
747,424,11,2,5467.06,2025-04-22
748,450,9,4,5928.52,2023-11-19
749,312,11,2,5467.06,2025-08-05
750,225,12,4,6254.36,2024-10-26
751,136,1,5,12744.1,2024-10-08
752,69,7,2,4746.04,2025-07-31
753,454,8,5,4898.05,2025-04-16
754,28,7,1,2373.02,2023-09-02
755,330,10,4,7167.24,2023-09-14
756,172,4,5,4254.3,2025-07-28
757,448,8,1,979.61,2025-01-13
758,246,10,1,1791.81,2025-03-29
759,138,14,5,11459.15,2024-12-23
760,252,9,4,5928.52,2025-08-18
761,243,5,2,3165.4,2024-12-31
762,118,9,3,4446.39,2024-09-07
763,82,5,5,7913.5,2023-09-20
764,426,3,4,5278.64,2025-04-19
765,36,2,4,9192.28,2024-06-30
766,202,10,4,7167.24,2025-03-28
767,285,2,3,6894.21,2024-10-23
768,247,4,1,850.86,2025-05-11
769,152,3,3,3958.98,2023-12-28
770,416,2,2,4596.14,2024-12-23
771,338,14,1,2291.83,2024-02-07
772,422,11,2,5467.06,2025-04-15
773,301,9,2,2964.26,2025-07-22
774,4,1,4,10195.28,2023-09-30
775,286,12,5,7817.95,2023-11-01
776,252,12,1,1563.59,2024-12-25
777,477,8,5,4898.05,2025-02-28
778,178,14,3,6875.49,2024-08-26
779,447,2,1,2298.07,2024-02-25
780,124,4,4,3403.44,2024-06-30
781,430,5,3,4748.1,2024-06-06
782,116,1,4,10195.28,2024-03-31
783,182,9,3,4446.39,2024-04-11
784,47,2,3,6894.21,2025-02-15
785,294,7,2,4746.04,2025-06-11
786,379,6,4,5097.24,2025-06-27
787,441,13,2,1834.66,2025-07-25
788,119,5,2,3165.4,2025-07-12
789,381,13,4,3669.32,2024-09-21
790,338,13,3,2751.99,2025-06-27
791,145,7,5,11865.1,2023-09-23
792,67,14,1,2291.83,2024-08-24
793,206,6,5,6371.55,2024-01-14
794,445,8,2,1959.22,2024-06-12
795,336,12,3,4690.77,2025-06-19
796,324,6,4,5097.24,2023-11-07
797,143,6,4,5097.24,2025-03-30
798,393,13,3,2751.99,2024-01-25
799,444,2,4,9192.28,2024-12-07
800,463,5,1,1582.7,2024-09-22
801,229,3,3,3958.98,2023-12-28
802,478,4,2,1701.72,2024-06-02
803,476,6,4,5097.24,2023-11-29
804,118,2,4,9192.28,2024-09-19
805,500,7,4,9492.08,2025-02-02
806,263,8,5,4898.05,2024-09-10
807,425,10,2,3583.62,2023-11-09
808,346,7,5,11865.1,2024-09-21
809,160,8,2,1959.22,2025-01-07
810,162,9,1,1482.13,2023-10-17
811,48,8,3,2938.83,2025-02-01
812,202,4,4,3403.44,2025-01-25
813,25,10,1,1791.81,2024-05-25
814,209,2,3,6894.21,2024-03-19
815,103,12,3,4690.77,2023-12-02
816,92,2,2,4596.14,2023-12-27
817,409,12,3,4690.77,2024-01-08
818,15,4,1,850.86,2024-04-14
819,5,7,5,11865.1,2024-02-28
820,3,3,1,1319.66,2024-09-20
821,421,10,5,8959.05,2024-12-20
822,479,4,1,850.86,2023-09-29
823,380,8,2,1959.22,2025-03-13
824,435,1,5,12744.1,2024-07-06
825,460,10,4,7167.24,2024-10-15
826,35,9,2,2964.26,2023-11-30
827,475,4,2,1701.72,2025-02-27
828,476,7,4,9492.08,2024-06-12
829,244,13,1,917.33,2025-01-06
830,224,4,4,3403.44,2023-12-17
831,500,13,1,917.33,2024-01-09
832,316,5,1,1582.7,2024-05-21
833,299,6,3,3822.93,2024-11-29
834,424,6,4,5097.24,2024-10-07
835,329,3,5,6598.3,2024-05-29
836,265,2,3,6894.21,2024-07-20
837,484,2,1,2298.07,2024-06-12
838,140,1,2,5097.64,2023-08-30
839,318,13,2,1834.66,2025-03-01
840,195,4,5,4254.3,2025-01-08
841,500,11,3,8200.59,2024-01-05
842,104,7,5,11865.1,2025-05-02
843,257,2,5,11490.35,2024-08-23
844,55,12,4,6254.36,2024-01-22
845,64,9,4,5928.52,2023-09-27
846,241,3,4,5278.64,2025-01-11
847,281,6,2,2548.62,2024-04-23
848,214,5,4,6330.8,2025-03-01
849,41,10,5,8959.05,2025-05-23
850,172,14,2,4583.66,2025-01-24
851,233,4,3,2552.58,2024-01-13
852,247,13,4,3669.32,2024-01-07
853,13,8,1,979.61,2025-04-27
854,283,7,4,9492.08,2023-12-15
855,115,7,2,4746.04,2025-07-17
856,130,8,4,3918.44,2025-06-26
857,73,4,4,3403.44,2023-09-05
858,146,6,4,5097.24,2024-02-17
859,307,3,5,6598.3,2024-02-05
860,351,2,2,4596.14,2024-10-28
861,154,9,1,1482.13,2025-08-09
862,485,1,2,5097.64,2023-10-20
863,176,1,3,7646.46,2023-10-30
864,446,10,2,3583.62,2025-02-22
865,393,8,4,3918.44,2024-08-19
866,348,4,4,3403.44,2024-08-31
867,255,4,2,1701.72,2024-10-07
868,201,1,3,7646.46,2025-01-09
869,455,13,5,4586.65,2025-04-11
870,97,12,3,4690.77,2023-11-18
871,94,9,5,7410.65,2024-11-18
872,365,14,5,11459.15,2025-01-15
873,299,7,2,4746.04,2023-11-01
874,325,12,5,7817.95,2024-11-07
875,253,11,5,13667.65,2024-06-16
876,476,4,5,4254.3,2024-07-25
877,226,1,2,5097.64,2024-11-18
878,250,10,3,5375.43,2025-03-14
879,285,12,2,3127.18,2024-01-17
880,1,1,1,2548.82,2025-01-17
881,69,4,4,3403.44,2023-12-18
882,448,11,5,13667.65,2024-01-26
883,115,11,1,2733.53,2024-11-21
884,442,13,5,4586.65,2025-03-08
885,218,11,3,8200.59,2024-06-21
886,454,11,3,8200.59,2024-10-30
887,253,11,2,5467.06,2025-05-01
888,84,6,5,6371.55,2024-02-06
889,432,6,4,5097.24,2023-09-03
890,201,8,3,2938.83,2024-12-16
891,434,8,1,979.61,2024-11-13
892,76,4,1,850.86,2024-08-14
893,385,3,4,5278.64,2024-08-15
894,487,8,5,4898.05,2024-06-16
895,108,6,1,1274.31,2025-06-04
896,11,7,2,4746.04,2024-05-29
897,45,14,4,9167.32,2025-07-13
898,300,10,4,7167.24,2025-01-23
899,277,4,1,850.86,2025-04-13
900,492,11,2,5467.06,2025-04-18
901,272,11,4,10934.12,2024-12-23
902,159,7,5,11865.1,2024-06-20
903,276,2,1,2298.07,2023-11-05
904,310,12,4,6254.36,2024-01-21
905,386,1,2,5097.64,2024-10-16
906,215,10,3,5375.43,2025-04-28
907,160,2,1,2298.07,2025-07-06
908,393,13,2,1834.66,2023-10-15
909,315,14,1,2291.83,2024-04-28
910,302,14,5,11459.15,2023-11-02
911,189,3,4,5278.64,2023-11-13
912,133,2,5,11490.35,2024-05-04
913,229,5,2,3165.4,2025-01-02
914,196,7,5,11865.1,2024-06-01
915,475,6,2,2548.62,2025-06-08
916,422,10,3,5375.43,2024-03-12
917,480,2,1,2298.07,2024-01-10
918,80,6,5,6371.55,2023-10-17
919,289,8,1,979.61,2025-02-05
920,490,9,4,5928.52,2025-01-07
921,223,6,4,5097.24,2024-06-06
922,374,14,1,2291.83,2023-09-25
923,60,7,5,11865.1,2024-12-15
924,341,3,2,2639.32,2025-02-01
925,454,1,1,2548.82,2024-11-18
926,362,7,2,4746.04,2024-07-24
927,17,11,3,8200.59,2025-02-27
928,136,7,1,2373.02,2025-05-05
929,177,5,3,4748.1,2025-08-06
930,316,13,2,1834.66,2024-02-28
931,382,14,5,11459.15,2024-07-25
932,278,1,3,7646.46,2024-01-13
933,264,9,1,1482.13,2025-03-12
934,83,8,1,979.61,2024-05-23
935,327,14,3,6875.49,2024-03-13
936,170,3,3,3958.98,2025-04-07
937,51,10,5,8959.05,2024-10-27
938,214,13,1,917.33,2025-07-10
939,129,10,1,1791.81,2025-02-22
940,267,2,5,11490.35,2024-11-15
941,66,8,1,979.61,2024-11-13
942,267,14,2,4583.66,2024-12-15
943,178,2,5,11490.35,2024-11-15
944,429,12,2,3127.18,2024-01-14
945,91,12,2,3127.18,2024-09-25
946,205,4,5,4254.3,2023-12-31
947,358,12,4,6254.36,2024-03-07
948,179,3,3,3958.98,2023-09-16
949,370,6,5,6371.55,2024-02-14
950,437,4,2,1701.72,2024-02-22
951,239,14,3,6875.49,2025-06-05
952,66,5,5,7913.5,2025-04-23
953,341,13,1,917.33,2025-05-09
954,43,11,3,8200.59,2025-06-29
955,158,14,3,6875.49,2024-10-30
956,18,2,5,11490.35,2024-01-28
957,8,5,1,1582.7,2024-08-02
958,86,12,3,4690.77,2023-12-10
959,104,9,5,7410.65,2024-05-26
960,178,14,4,9167.32,2024-06-29
961,46,7,5,11865.1,2024-07-09
962,273,14,4,9167.32,2025-05-17
963,63,2,5,11490.35,2023-09-11
964,238,6,2,2548.62,2024-11-20
965,152,4,4,3403.44,2023-11-22
966,345,12,3,4690.77,2025-04-26
967,17,1,1,2548.82,2024-10-13
968,327,14,3,6875.49,2023-10-21
969,40,14,3,6875.49,2024-09-27
970,163,9,3,4446.39,2024-03-13
971,25,13,2,1834.66,2024-03-30
972,435,12,5,7817.95,2023-09-15
973,72,5,5,7913.5,2023-12-22
974,29,13,4,3669.32,2024-08-25
975,215,5,5,7913.5,2024-04-11
976,116,5,3,4748.1,2025-03-28
977,467,13,5,4586.65,2024-08-08
978,251,8,1,979.61,2023-09-03
979,217,6,2,2548.62,2023-11-09
980,267,1,2,5097.64,2023-12-12
981,362,13,4,3669.32,2023-10-20
982,197,1,2,5097.64,2024-11-08
983,42,5,1,1582.7,2025-06-27
984,423,3,2,2639.32,2024-02-06
985,492,8,1,979.61,2023-10-28
986,458,13,3,2751.99,2023-09-26
987,270,7,1,2373.02,2023-10-11
988,270,4,4,3403.44,2023-11-20
989,145,5,4,6330.8,2023-09-28
990,221,8,1,979.61,2024-02-21
991,85,12,5,7817.95,2023-09-30
992,183,4,2,1701.72,2024-08-14
993,78,4,3,2552.58,2025-01-06
994,404,3,2,2639.32,2023-10-22
995,283,5,5,7913.5,2024-08-06
996,14,3,2,2639.32,2025-04-10
997,443,14,4,9167.32,2024-03-12
998,474,12,2,3127.18,2025-03-31
999,125,13,5,4586.65,2023-11-18
1000,66,14,5,11459.15,2024-03-31
1001,349,3,2,2639.32,2023-12-28
1002,269,13,3,2751.99,2023-12-10
1003,409,14,1,2291.83,2024-06-11
1004,370,8,2,1959.22,2025-02-14
1005,32,7,2,4746.04,2024-06-24
1006,196,9,4,5928.52,2023-09-22
1007,109,7,5,11865.1,2023-09-01
1008,270,8,1,979.61,2024-06-04
1009,65,14,1,2291.83,2024-02-10
1010,273,1,1,2548.82,2024-11-03
1011,6,12,2,3127.18,2024-09-09
1012,382,7,4,9492.08,2025-04-24
1013,346,5,4,6330.8,2024-10-08
1014,499,6,4,5097.24,2024-08-22
1015,133,12,1,1563.59,2024-04-01
1016,457,13,2,1834.66,2025-02-06
1017,301,4,2,1701.72,2025-08-25
1018,440,1,1,2548.82,2025-02-16
1019,262,13,1,917.33,2024-01-27
1020,355,8,2,1959.22,2023-11-17
1021,231,12,2,3127.18,2023-12-22
1022,308,11,5,13667.65,2025-07-22
1023,149,1,5,12744.1,2024-12-30
1024,76,6,3,3822.93,2023-11-03
1025,188,14,3,6875.49,2024-04-26
1026,257,11,3,8200.59,2024-04-17
1027,69,1,4,10195.28,2025-08-06
1028,414,12,2,3127.18,2024-10-07
1029,312,7,3,7119.06,2025-06-19
1030,243,5,4,6330.8,2024-07-27
1031,72,8,3,2938.83,2024-08-23
1032,481,13,3,2751.99,2024-11-12
1033,179,14,5,11459.15,2024-09-11
1034,195,7,5,11865.1,2024-01-25
1035,206,12,5,7817.95,2024-04-16
1036,153,11,5,13667.65,2024-06-21
1037,432,4,2,1701.72,2024-10-08
1038,221,4,3,2552.58,2024-12-03
1039,264,3,5,6598.3,2024-06-02
1040,72,13,5,4586.65,2025-04-25
1041,265,13,5,4586.65,2025-02-06
1042,399,9,4,5928.52,2024-10-14
1043,470,6,3,3822.93,2024-09-29
1044,222,5,4,6330.8,2023-11-28
1045,465,11,5,13667.65,2024-02-25
1046,27,13,2,1834.66,2024-08-18
1047,496,5,4,6330.8,2024-07-23
1048,354,2,1,2298.07,2024-07-17
1049,104,10,1,1791.81,2025-08-02
1050,439,5,1,1582.7,2024-09-22
1051,423,14,2,4583.66,2024-12-08
1052,482,3,5,6598.3,2024-04-10
1053,89,11,3,8200.59,2024-03-25
1054,313,13,3,2751.99,2024-10-06
1055,5,11,1,2733.53,2024-03-31
1056,11,10,2,3583.62,2025-01-13
1057,426,14,3,6875.49,2024-02-23
1058,493,14,2,4583.66,2025-05-28
1059,202,14,4,9167.32,2023-08-31
1060,379,6,3,3822.93,2024-04-21
1061,45,10,4,7167.24,2024-01-24
1062,401,2,1,2298.07,2025-02-21
1063,394,3,1,1319.66,2024-04-27
1064,305,9,3,4446.39,2024-05-17
1065,181,12,2,3127.18,2024-09-16
1066,446,7,2,4746.04,2025-05-06
1067,164,3,2,2639.32,2024-03-09
1068,255,11,2,5467.06,2024-01-22
1069,314,10,5,8959.05,2025-04-29
1070,209,10,2,3583.62,2024-11-15
1071,464,1,1,2548.82,2024-02-18
1072,224,10,1,1791.81,2025-02-09
1073,331,11,2,5467.06,2025-08-11
1074,258,2,4,9192.28,2024-01-11
1075,159,6,5,6371.55,2024-07-18
1076,97,12,1,1563.59,2025-08-21
1077,174,3,3,3958.98,2024-11-06
1078,337,12,3,4690.77,2024-04-26
1079,249,8,5,4898.05,2023-09-30
1080,468,6,3,3822.93,2023-11-07
1081,459,11,1,2733.53,2025-02-09
1082,235,13,2,1834.66,2025-07-01
1083,460,2,5,11490.35,2024-10-08
1084,133,9,4,5928.52,2023-09-11
1085,312,8,4,3918.44,2024-02-15
1086,344,3,5,6598.3,2024-06-02
1087,473,7,2,4746.04,2024-07-19
1088,352,11,1,2733.53,2024-01-28
1089,300,13,1,917.33,2023-10-23
1090,430,3,4,5278.64,2024-06-17
1091,151,11,1,2733.53,2024-01-14
1092,351,13,4,3669.32,2024-11-23
1093,135,5,1,1582.7,2025-01-07
1094,326,6,5,6371.55,2023-12-03
1095,423,9,1,1482.13,2025-06-17
1096,5,1,5,12744.1,2024-09-23
1097,8,13,2,1834.66,2025-06-28
1098,455,2,4,9192.28,2025-05-17
1099,198,13,4,3669.32,2024-02-01
1100,454,1,3,7646.46,2024-03-31
1101,324,14,2,4583.66,2025-06-14
1102,44,12,4,6254.36,2024-10-04
1103,330,10,2,3583.62,2024-07-17
1104,25,4,4,3403.44,2025-04-14
1105,469,1,1,2548.82,2025-01-29
1106,307,13,4,3669.32,2024-09-07
1107,68,9,3,4446.39,2024-07-31
1108,209,7,5,11865.1,2025-03-01
1109,29,12,4,6254.36,2025-07-27
1110,450,9,2,2964.26,2024-02-01
1111,288,3,2,2639.32,2025-04-12
1112,302,3,1,1319.66,2023-10-29
1113,296,8,3,2938.83,2025-04-29
1114,138,5,2,3165.4,2023-10-06
1115,207,11,1,2733.53,2025-05-14
1116,443,11,1,2733.53,2024-11-05
1117,269,13,1,917.33,2024-05-01
1118,449,1,3,7646.46,2024-11-26
1119,80,13,2,1834.66,2024-05-07
1120,427,13,5,4586.65,2023-09-08
1121,69,2,3,6894.21,2025-05-27
1122,4,12,3,4690.77,2025-02-22
1123,429,3,3,3958.98,2024-09-01
1124,297,13,1,917.33,2025-07-14
1125,45,6,2,2548.62,2024-06-27
1126,130,8,3,2938.83,2024-12-20
1127,350,8,4,3918.44,2024-04-04
1128,275,9,1,1482.13,2024-12-12
1129,42,6,4,5097.24,2024-03-06
1130,197,13,4,3669.32,2025-01-23
1131,278,8,5,4898.05,2024-08-29
1132,219,9,1,1482.13,2025-02-21
1133,465,4,2,1701.72,2025-08-01
1134,330,7,5,11865.1,2024-12-08
1135,161,3,1,1319.66,2024-12-10
1136,74,3,1,1319.66,2023-12-28
1137,197,11,5,13667.65,2024-02-16
1138,60,11,1,2733.53,2024-12-07
1139,269,5,5,7913.5,2025-06-07
1140,155,6,4,5097.24,2024-12-14
1141,206,10,3,5375.43,2024-06-06
1142,381,11,5,13667.65,2025-07-20
1143,239,9,3,4446.39,2024-11-02
1144,119,13,5,4586.65,2024-01-15
1145,20,12,4,6254.36,2023-11-04
1146,401,6,3,3822.93,2025-07-04
1147,406,9,1,1482.13,2025-03-24
1148,128,10,1,1791.81,2024-05-07
1149,244,2,3,6894.21,2024-10-30
1150,223,13,5,4586.65,2024-10-19
1151,125,9,1,1482.13,2024-05-18
1152,266,9,1,1482.13,2024-06-21
1153,499,1,5,12744.1,2024-07-16
1154,184,1,3,7646.46,2024-11-27
1155,93,6,3,3822.93,2024-08-18
1156,249,8,4,3918.44,2024-06-04
1157,1,13,2,1834.66,2023-09-17
1158,336,11,4,10934.12,2023-11-05
1159,381,12,3,4690.77,2023-10-21
1160,350,13,2,1834.66,2025-05-14
1161,473,1,4,10195.28,2024-08-10
1162,270,11,2,5467.06,2025-01-15
1163,427,7,3,7119.06,2025-05-18
1164,351,10,4,7167.24,2024-03-27
1165,110,1,4,10195.28,2024-01-29
1166,320,10,2,3583.62,2025-03-19
1167,314,8,3,2938.83,2025-07-18
1168,297,6,4,5097.24,2025-07-01
1169,291,13,2,1834.66,2024-10-12
1170,263,7,4,9492.08,2025-07-19
1171,122,6,4,5097.24,2024-09-03
1172,152,4,2,1701.72,2025-08-09
1173,131,4,5,4254.3,2024-12-15
1174,301,14,3,6875.49,2024-10-31
1175,483,8,2,1959.22,2024-09-07
1176,307,6,5,6371.55,2024-09-23
1177,325,3,3,3958.98,2025-01-10
1178,125,3,3,3958.98,2024-04-14
1179,282,3,5,6598.3,2024-10-05
1180,361,12,5,7817.95,2025-03-11
1181,59,8,4,3918.44,2024-02-03
1182,105,12,2,3127.18,2024-07-31
1183,308,6,5,6371.55,2023-10-23
1184,128,12,1,1563.59,2024-12-04
1185,277,8,2,1959.22,2024-12-20
1186,151,7,3,7119.06,2024-02-13
1187,263,4,3,2552.58,2024-08-17
1188,433,7,3,7119.06,2025-03-03
1189,375,1,1,2548.82,2025-08-14
1190,99,4,5,4254.3,2025-08-08
1191,426,3,5,6598.3,2023-09-25
1192,235,2,3,6894.21,2024-02-18
1193,257,5,4,6330.8,2023-12-01
1194,215,14,3,6875.49,2025-08-04
1195,435,11,4,10934.12,2025-02-12
1196,28,14,1,2291.83,2025-06-23
1197,457,1,3,7646.46,2024-06-04
1198,82,13,3,2751.99,2024-05-08
1199,315,12,5,7817.95,2024-03-29
1200,225,5,5,7913.5,2024-11-21
1201,461,7,4,9492.08,2025-01-01
1202,192,4,1,850.86,2024-07-07
1203,372,2,1,2298.07,2024-05-04
1204,260,1,5,12744.1,2024-01-30
1205,263,6,5,6371.55,2024-08-23
1206,50,10,2,3583.62,2023-12-24
1207,11,1,1,2548.82,2023-11-06
1208,422,12,3,4690.77,2024-01-30
1209,47,14,5,11459.15,2025-03-21
1210,446,7,2,4746.04,2024-10-21
1211,396,10,5,8959.05,2024-02-06
1212,272,14,2,4583.66,2024-08-20
1213,143,5,2,3165.4,2025-07-06
1214,466,3,5,6598.3,2025-04-27
1215,488,4,2,1701.72,2024-02-24
1216,67,4,3,2552.58,2024-03-08
1217,254,13,3,2751.99,2024-01-01
1218,75,12,5,7817.95,2024-10-18
1219,139,4,1,850.86,2025-05-21
1220,70,14,4,9167.32,2024-07-27
1221,499,3,2,2639.32,2023-10-29
1222,446,10,1,1791.81,2024-02-18
1223,180,9,4,5928.52,2024-01-18
1224,348,3,3,3958.98,2024-08-16
1225,42,12,5,7817.95,2023-11-08
1226,437,12,3,4690.77,2024-02-28
1227,406,10,2,3583.62,2024-12-26
1228,3,3,2,2639.32,2024-05-15
1229,380,10,1,1791.81,2024-12-27
1230,215,3,2,2639.32,2024-03-29
1231,249,9,1,1482.13,2025-05-24
1232,258,6,2,2548.62,2024-10-10
1233,343,3,4,5278.64,2023-09-20
1234,163,11,4,10934.12,2025-01-29
1235,119,11,3,8200.59,2023-12-09
1236,346,12,2,3127.18,2025-03-27
1237,52,6,4,5097.24,2025-04-10
1238,140,6,5,6371.55,2025-04-09
1239,302,5,2,3165.4,2023-09-11
1240,147,9,4,5928.52,2024-01-16
1241,34,3,4,5278.64,2023-10-24
1242,59,10,1,1791.81,2025-07-01
1243,265,14,2,4583.66,2025-08-15
1244,367,14,4,9167.32,2024-12-13
1245,74,7,3,7119.06,2023-10-12
1246,459,12,5,7817.95,2024-02-26
1247,100,13,2,1834.66,2024-05-30
1248,379,2,3,6894.21,2024-08-16
1249,226,6,4,5097.24,2025-04-03
1250,263,1,3,7646.46,2025-03-17
1251,427,14,4,9167.32,2024-07-08
1252,377,12,4,6254.36,2025-02-10
1253,282,3,5,6598.3,2024-09-11
1254,292,3,1,1319.66,2024-04-01
1255,157,10,4,7167.24,2024-01-19
1256,265,13,5,4586.65,2025-07-21
1257,213,4,4,3403.44,2025-03-11
1258,105,7,1,2373.02,2025-05-24
1259,50,9,4,5928.52,2024-04-21
1260,63,9,4,5928.52,2024-08-27
1261,384,11,2,5467.06,2025-04-04
1262,17,4,2,1701.72,2024-08-02
1263,124,2,5,11490.35,2024-09-14
1264,194,7,1,2373.02,2025-06-28
1265,455,14,5,11459.15,2024-12-18
1266,109,9,2,2964.26,2024-01-24
1267,112,8,1,979.61,2024-04-26
1268,99,14,1,2291.83,2024-11-04
1269,263,3,5,6598.3,2024-10-05
1270,100,9,5,7410.65,2024-11-09
1271,267,11,5,13667.65,2024-10-23
1272,221,10,4,7167.24,2025-01-07
1273,443,11,3,8200.59,2025-01-06
1274,345,13,4,3669.32,2023-12-30
1275,328,11,5,13667.65,2024-12-25
1276,404,1,3,7646.46,2024-02-07
1277,177,13,2,1834.66,2024-01-14
1278,360,11,1,2733.53,2024-03-31
1279,500,4,4,3403.44,2023-12-03
1280,111,9,2,2964.26,2024-08-01
1281,423,1,2,5097.64,2024-05-28
1282,122,8,4,3918.44,2024-11-20
1283,47,10,3,5375.43,2025-07-17
1284,428,11,3,8200.59,2024-08-29
1285,201,6,3,3822.93,2024-08-01
1286,450,11,1,2733.53,2025-04-09
1287,315,2,4,9192.28,2024-11-26
1288,190,10,5,8959.05,2025-04-11
1289,335,2,2,4596.14,2025-01-31
1290,441,3,4,5278.64,2024-11-16
1291,472,4,1,850.86,2024-10-30
1292,249,5,2,3165.4,2023-11-17
1293,265,14,3,6875.49,2024-07-08
1294,379,11,2,5467.06,2024-04-02
1295,60,9,3,4446.39,2024-12-18
1296,164,11,1,2733.53,2024-01-13
1297,185,13,2,1834.66,2024-06-29
1298,103,5,5,7913.5,2023-10-14
1299,358,7,4,9492.08,2025-03-07
1300,203,1,2,5097.64,2023-09-09
1301,226,2,3,6894.21,2024-03-19
1302,323,11,2,5467.06,2024-09-25
1303,270,4,5,4254.3,2024-05-12
1304,251,6,2,2548.62,2024-01-13
1305,300,3,5,6598.3,2025-01-20
1306,220,5,2,3165.4,2024-04-24
1307,60,3,2,2639.32,2024-11-20
1308,227,14,5,11459.15,2025-07-16
1309,217,3,1,1319.66,2025-01-06
1310,154,13,4,3669.32,2024-08-14
1311,294,2,3,6894.21,2025-07-12
1312,332,2,1,2298.07,2024-12-11
1313,254,4,5,4254.3,2025-06-27
1314,22,1,5,12744.1,2025-03-28
1315,45,8,3,2938.83,2025-05-29
1316,378,10,3,5375.43,2025-08-24
1317,360,9,4,5928.52,2024-05-21
1318,84,4,1,850.86,2024-05-13
1319,348,14,5,11459.15,2024-10-31
1320,486,12,5,7817.95,2024-10-14
1321,82,8,2,1959.22,2024-07-14
1322,7,4,2,1701.72,2025-07-05
1323,362,10,2,3583.62,2024-12-22
1324,443,11,2,5467.06,2025-06-15
1325,435,13,5,4586.65,2024-07-04
1326,318,3,1,1319.66,2023-10-31
1327,55,5,1,1582.7,2025-04-17
1328,139,10,4,7167.24,2024-01-13
1329,296,13,3,2751.99,2025-02-25
1330,297,7,1,2373.02,2023-12-27
1331,363,2,2,4596.14,2025-02-28
1332,424,8,1,979.61,2024-03-07
1333,178,6,3,3822.93,2025-08-17
1334,327,7,4,9492.08,2023-11-23
1335,464,1,3,7646.46,2025-03-16
1336,335,4,2,1701.72,2024-11-02
1337,398,2,5,11490.35,2024-10-09
1338,370,3,2,2639.32,2025-02-03
1339,447,9,2,2964.26,2024-04-25
1340,232,6,1,1274.31,2024-03-08
1341,392,5,4,6330.8,2023-10-17
1342,297,9,5,7410.65,2024-08-29
1343,67,12,3,4690.77,2024-09-15
1344,367,10,5,8959.05,2023-09-05
1345,199,4,3,2552.58,2025-03-08
1346,49,8,3,2938.83,2024-04-11
1347,122,13,3,2751.99,2023-12-31
1348,463,13,3,2751.99,2023-09-10
1349,44,6,2,2548.62,2024-09-15
1350,231,1,4,10195.28,2024-10-14
1351,495,11,4,10934.12,2025-08-03
1352,27,11,3,8200.59,2025-08-27
1353,262,10,4,7167.24,2025-08-20
1354,240,10,5,8959.05,2023-11-18
1355,381,9,2,2964.26,2023-12-22
1356,83,14,1,2291.83,2024-07-04
1357,137,2,4,9192.28,2024-04-16
1358,363,5,2,3165.4,2024-12-07
1359,249,8,3,2938.83,2024-02-20
1360,264,7,2,4746.04,2025-02-22
1361,312,8,3,2938.83,2024-09-03
1362,487,14,2,4583.66,2024-06-10
1363,356,1,2,5097.64,2024-11-09
1364,174,5,1,1582.7,2024-07-05
1365,337,1,4,10195.28,2024-04-24
1366,159,6,5,6371.55,2024-09-25
1367,369,4,3,2552.58,2023-09-28
1368,211,13,2,1834.66,2023-09-30
1369,493,11,1,2733.53,2023-09-05
1370,128,6,4,5097.24,2024-06-04
1371,227,3,3,3958.98,2023-11-28
1372,219,14,4,9167.32,2024-01-19
1373,210,6,5,6371.55,2025-03-15
1374,55,2,5,11490.35,2025-01-28
1375,411,8,2,1959.22,2025-08-25
1376,50,1,5,12744.1,2025-01-24
1377,440,12,4,6254.36,2024-03-24
1378,336,8,2,1959.22,2025-04-17
1379,202,11,1,2733.53,2023-08-31
1380,216,1,3,7646.46,2025-07-25
1381,308,3,3,3958.98,2025-05-09
1382,143,9,1,1482.13,2024-03-19
1383,286,11,3,8200.59,2023-09-22
1384,1,3,1,1319.66,2024-07-20
1385,48,6,3,3822.93,2024-07-15
1386,232,14,2,4583.66,2023-08-30
1387,125,6,5,6371.55,2023-10-15
1388,237,5,5,7913.5,2025-07-05
1389,88,8,4,3918.44,2024-07-22
1390,8,2,1,2298.07,2024-10-11
1391,55,6,2,2548.62,2024-03-27
1392,160,9,1,1482.13,2024-01-28
1393,257,13,3,2751.99,2025-01-24
1394,456,2,1,2298.07,2024-03-05
1395,279,10,3,5375.43,2024-04-22
1396,380,1,2,5097.64,2025-06-25
1397,472,14,1,2291.83,2023-11-22
1398,351,3,4,5278.64,2023-10-24
1399,85,3,4,5278.64,2024-06-08
1400,133,14,2,4583.66,2024-07-05
1401,226,12,5,7817.95,2024-10-11
1402,14,9,4,5928.52,2023-10-06
1403,9,2,1,2298.07,2024-05-23
1404,159,2,4,9192.28,2024-02-23
1405,107,5,4,6330.8,2024-04-05
1406,118,8,5,4898.05,2025-01-25
1407,259,9,3,4446.39,2024-06-18
1408,96,7,1,2373.02,2023-09-01
1409,302,7,5,11865.1,2024-08-22
1410,120,5,3,4748.1,2024-11-24
1411,263,6,4,5097.24,2024-04-30
1412,322,14,4,9167.32,2025-03-16
1413,451,12,3,4690.77,2023-12-05
1414,177,5,2,3165.4,2023-11-11
1415,96,4,4,3403.44,2025-03-04
1416,166,11,1,2733.53,2023-09-17
1417,191,8,5,4898.05,2025-07-09
1418,404,12,3,4690.77,2024-06-14
1419,346,4,1,850.86,2025-08-09
1420,53,8,5,4898.05,2024-10-10
1421,420,3,2,2639.32,2025-01-23
1422,418,7,5,11865.1,2023-12-03
1423,170,9,2,2964.26,2024-12-26
1424,17,8,4,3918.44,2025-03-07
1425,457,8,4,3918.44,2025-03-08
1426,189,1,2,5097.64,2024-04-08
1427,291,4,1,850.86,2023-08-30
1428,252,3,1,1319.66,2024-06-09
1429,369,9,5,7410.65,2024-04-19
1430,208,10,3,5375.43,2024-12-03
1431,107,2,4,9192.28,2025-01-02
1432,12,9,4,5928.52,2024-12-07
1433,368,12,3,4690.77,2025-05-01
1434,379,1,2,5097.64,2024-08-16
1435,316,5,4,6330.8,2024-01-19
1436,230,12,5,7817.95,2025-07-28
1437,360,5,1,1582.7,2023-12-01
1438,20,2,3,6894.21,2024-03-28
1439,195,11,4,10934.12,2024-12-09
1440,196,13,2,1834.66,2025-02-18
1441,145,8,4,3918.44,2024-10-08
1442,284,1,4,10195.28,2023-12-17
1443,326,5,4,6330.8,2024-10-18
1444,79,7,4,9492.08,2025-05-24
1445,470,7,5,11865.1,2024-09-04
1446,370,10,3,5375.43,2024-04-14
1447,241,9,3,4446.39,2025-06-06
1448,156,7,5,11865.1,2023-09-15
1449,331,13,2,1834.66,2023-11-22
1450,178,1,4,10195.28,2024-11-05
1451,225,8,3,2938.83,2024-02-28
1452,34,11,2,5467.06,2024-07-27
1453,170,4,4,3403.44,2024-11-28
1454,13,10,3,5375.43,2024-12-31
1455,80,3,4,5278.64,2025-05-30
1456,450,2,1,2298.07,2024-07-11
1457,91,10,1,1791.81,2024-11-15
1458,118,11,2,5467.06,2023-10-09
1459,6,11,5,13667.65,2024-06-22
1460,467,11,4,10934.12,2025-01-02
1461,346,7,2,4746.04,2024-05-24
1462,149,7,4,9492.08,2023-10-16
1463,160,9,1,1482.13,2024-05-27
1464,82,8,2,1959.22,2024-11-01
1465,459,2,1,2298.07,2024-02-08
1466,243,14,3,6875.49,2024-10-27
1467,376,13,3,2751.99,2025-08-24
1468,155,7,1,2373.02,2024-10-10
1469,301,14,3,6875.49,2025-04-21
1470,170,13,4,3669.32,2025-03-07
1471,35,1,3,7646.46,2025-07-16
1472,113,8,3,2938.83,2025-07-11
1473,281,4,4,3403.44,2024-05-27
1474,449,2,4,9192.28,2023-12-26
1475,21,1,1,2548.82,2024-07-06
1476,189,1,3,7646.46,2024-09-01
1477,159,1,1,2548.82,2024-02-08
1478,17,10,1,1791.81,2025-04-29
1479,80,14,5,11459.15,2023-09-13
1480,445,3,4,5278.64,2025-06-02
1481,333,2,5,11490.35,2024-08-25
1482,72,1,5,12744.1,2025-06-20
1483,70,13,1,917.33,2025-01-02
1484,40,12,1,1563.59,2024-03-17
1485,312,13,1,917.33,2024-08-29
1486,104,14,1,2291.83,2025-06-15
1487,479,8,4,3918.44,2024-03-06
1488,42,2,4,9192.28,2024-04-18
1489,368,14,4,9167.32,2025-04-17
1490,257,12,2,3127.18,2024-04-03
1491,277,2,2,4596.14,2024-01-08
1492,438,6,4,5097.24,2023-10-09
1493,262,3,1,1319.66,2023-12-30
1494,321,9,1,1482.13,2024-01-06
1495,374,9,2,2964.26,2024-11-11
1496,49,12,4,6254.36,2023-12-31
1497,459,6,5,6371.55,2025-07-08
1498,469,6,5,6371.55,2025-05-12
1499,358,10,5,8959.05,2024-05-15
1500,201,5,2,3165.4,2025-07-31
1501,290,12,1,1563.59,2024-12-03
1502,79,10,4,7167.24,2025-07-02
1503,436,13,3,2751.99,2025-02-17
1504,377,5,3,4748.1,2024-02-22
1505,259,6,1,1274.31,2024-04-25
1506,5,1,2,5097.64,2025-07-28
1507,132,12,2,3127.18,2023-10-02
1508,335,3,2,2639.32,2024-08-11
1509,60,14,4,9167.32,2024-11-20
1510,377,8,2,1959.22,2023-12-16
1511,142,5,2,3165.4,2024-12-29
1512,447,1,2,5097.64,2024-05-20
1513,470,11,3,8200.59,2024-11-15
1514,417,12,3,4690.77,2023-10-03
1515,103,11,1,2733.53,2025-03-08
1516,257,13,4,3669.32,2024-10-20
1517,75,11,3,8200.59,2024-09-28
1518,165,4,1,850.86,2025-03-10
1519,317,11,2,5467.06,2023-12-21
1520,181,13,4,3669.32,2024-07-22
1521,394,2,3,6894.21,2024-11-01
1522,397,7,5,11865.1,2024-01-31
1523,183,1,3,7646.46,2024-08-14
1524,119,7,1,2373.02,2025-02-12
1525,495,13,4,3669.32,2025-07-09
1526,275,5,2,3165.4,2024-12-14
1527,471,5,1,1582.7,2025-08-05
1528,382,5,1,1582.7,2024-07-11
1529,172,11,4,10934.12,2024-01-22
1530,4,13,3,2751.99,2025-07-10
1531,117,11,2,5467.06,2024-06-08
1532,130,6,5,6371.55,2024-04-27
1533,325,2,2,4596.14,2024-12-13
1534,255,4,5,4254.3,2024-04-10
1535,313,10,1,1791.81,2024-11-27
1536,209,5,1,1582.7,2024-06-28
1537,133,1,1,2548.82,2025-07-31
1538,410,10,2,3583.62,2024-10-26
1539,169,3,4,5278.64,2025-07-05
1540,120,10,5,8959.05,2024-12-05
1541,420,4,1,850.86,2024-02-26
1542,330,9,2,2964.26,2025-04-15
1543,233,9,4,5928.52,2024-07-21
1544,304,10,3,5375.43,2024-04-30
1545,494,14,3,6875.49,2023-10-11
1546,187,2,1,2298.07,2025-08-20
1547,215,6,2,2548.62,2023-12-13
1548,246,14,2,4583.66,2024-01-10
1549,370,11,4,10934.12,2025-04-14
1550,392,10,1,1791.81,2023-11-09
1551,342,14,2,4583.66,2024-07-07
1552,315,12,4,6254.36,2024-08-30
1553,212,13,4,3669.32,2024-02-27
1554,83,3,4,5278.64,2025-05-17
1555,196,8,2,1959.22,2023-09-07
1556,130,2,2,4596.14,2025-02-25
1557,466,10,1,1791.81,2024-12-13
1558,155,12,2,3127.18,2024-07-14
1559,51,3,3,3958.98,2025-03-11
1560,91,7,3,7119.06,2025-03-07
1561,268,11,4,10934.12,2025-04-02
1562,165,9,4,5928.52,2025-04-26
1563,252,8,1,979.61,2025-04-29
1564,129,10,3,5375.43,2023-10-24
1565,132,5,3,4748.1,2024-12-13
1566,193,10,5,8959.05,2024-09-07
1567,12,8,5,4898.05,2024-04-22
1568,486,9,2,2964.26,2024-01-15
1569,217,5,4,6330.8,2025-06-28
1570,370,1,1,2548.82,2025-02-14
1571,213,9,1,1482.13,2025-01-13
1572,488,13,3,2751.99,2023-10-27
1573,365,13,1,917.33,2024-08-23
1574,16,8,4,3918.44,2024-05-21
1575,486,9,3,4446.39,2024-07-12
1576,282,8,5,4898.05,2025-01-22
1577,228,9,4,5928.52,2024-05-30
1578,297,3,5,6598.3,2024-12-31
1579,387,1,5,12744.1,2024-05-19
1580,183,4,3,2552.58,2023-11-16
1581,221,2,2,4596.14,2024-12-25
1582,50,3,5,6598.3,2023-09-19
1583,233,11,2,5467.06,2024-10-09
1584,479,8,3,2938.83,2024-10-12
1585,434,8,2,1959.22,2024-09-24
1586,251,13,3,2751.99,2024-08-09
1587,252,6,5,6371.55,2024-08-08
1588,371,13,2,1834.66,2025-05-23
1589,397,1,3,7646.46,2023-10-01
1590,473,9,3,4446.39,2023-11-07
1591,202,14,5,11459.15,2023-09-05
1592,333,10,1,1791.81,2023-12-11
1593,158,3,5,6598.3,2025-05-31
1594,72,3,1,1319.66,2025-04-28
1595,479,6,2,2548.62,2025-01-31
1596,23,1,4,10195.28,2025-06-12
1597,242,2,5,11490.35,2024-11-30
1598,269,1,2,5097.64,2023-10-20
1599,322,8,5,4898.05,2024-06-16
1600,70,10,3,5375.43,2024-03-21
1601,42,5,3,4748.1,2025-05-02
1602,472,3,4,5278.64,2024-04-02
1603,468,6,1,1274.31,2023-12-18
1604,169,2,1,2298.07,2024-04-01
1605,320,11,1,2733.53,2024-09-19
1606,157,11,3,8200.59,2024-09-12
1607,298,6,2,2548.62,2025-06-19
1608,395,1,4,10195.28,2024-08-06
1609,208,7,2,4746.04,2024-06-14
1610,47,7,3,7119.06,2025-05-16
1611,484,8,4,3918.44,2024-05-31
1612,343,8,4,3918.44,2024-11-11
1613,75,7,2,4746.04,2024-05-19
1614,391,7,2,4746.04,2024-05-28
1615,138,2,2,4596.14,2024-09-30
1616,239,6,3,3822.93,2023-12-28
1617,150,13,4,3669.32,2024-06-28
1618,176,4,2,1701.72,2023-10-26
1619,237,3,3,3958.98,2025-01-22
1620,412,4,4,3403.44,2024-09-23
1621,80,2,5,11490.35,2024-08-26
1622,301,10,4,7167.24,2025-04-09
1623,374,6,2,2548.62,2025-04-14
1624,45,11,3,8200.59,2025-06-29
1625,84,5,3,4748.1,2024-04-30
1626,340,12,1,1563.59,2024-09-04
1627,58,7,3,7119.06,2023-10-17
1628,389,6,3,3822.93,2025-01-08
1629,171,14,1,2291.83,2023-10-20
1630,97,11,3,8200.59,2024-02-27
1631,328,3,2,2639.32,2024-12-27
1632,435,9,2,2964.26,2023-10-20
1633,244,4,1,850.86,2025-08-17
1634,366,9,3,4446.39,2024-05-30
1635,460,12,1,1563.59,2025-04-02
1636,27,7,1,2373.02,2025-08-07
1637,201,8,4,3918.44,2024-04-01
1638,340,3,2,2639.32,2025-07-08
1639,30,2,2,4596.14,2024-01-08
1640,324,2,4,9192.28,2024-11-07
1641,312,2,3,6894.21,2024-01-27
1642,42,10,5,8959.05,2025-01-14
1643,52,4,3,2552.58,2025-03-07
1644,433,14,4,9167.32,2025-07-06
1645,462,3,5,6598.3,2025-02-03
1646,232,12,3,4690.77,2025-02-11
1647,392,6,2,2548.62,2024-07-11
1648,332,13,4,3669.32,2023-10-26
1649,134,3,2,2639.32,2025-01-13
1650,423,12,1,1563.59,2025-06-20
1651,109,11,5,13667.65,2024-12-11
1652,419,13,3,2751.99,2025-08-23
1653,346,12,4,6254.36,2024-06-17
1654,445,11,1,2733.53,2024-10-15
1655,170,9,4,5928.52,2023-09-08
1656,409,13,3,2751.99,2024-01-25
1657,235,13,1,917.33,2024-05-06
1658,72,6,2,2548.62,2024-01-03
1659,256,4,2,1701.72,2025-02-19
1660,34,3,4,5278.64,2023-10-14
1661,223,2,3,6894.21,2025-08-21
1662,385,4,1,850.86,2025-03-19
1663,166,3,2,2639.32,2025-04-11
1664,122,10,5,8959.05,2023-11-08
1665,162,11,4,10934.12,2025-02-14
1666,441,6,5,6371.55,2024-06-30
1667,499,11,4,10934.12,2025-01-04
1668,462,9,3,4446.39,2024-10-03
1669,397,5,1,1582.7,2025-05-04
1670,319,11,5,13667.65,2023-09-30
1671,470,3,3,3958.98,2024-06-03
1672,101,9,5,7410.65,2023-10-28
1673,364,14,1,2291.83,2024-11-27
1674,160,8,2,1959.22,2025-06-22
1675,57,1,4,10195.28,2025-06-21
1676,272,9,5,7410.65,2024-12-07
1677,314,10,5,8959.05,2023-12-30
1678,378,11,4,10934.12,2023-10-31
1679,446,7,3,7119.06,2025-05-24
1680,312,13,3,2751.99,2024-04-06
1681,117,6,4,5097.24,2024-12-11
1682,75,9,1,1482.13,2024-11-05
1683,500,12,4,6254.36,2025-08-19
1684,413,3,1,1319.66,2024-08-02
1685,44,9,1,1482.13,2023-09-07
1686,437,3,1,1319.66,2024-10-10
1687,29,6,3,3822.93,2024-12-08
1688,342,4,1,850.86,2025-07-23
1689,346,1,2,5097.64,2023-11-19
1690,375,3,3,3958.98,2024-01-04
1691,490,7,5,11865.1,2025-06-28
1692,318,11,3,8200.59,2025-01-12
1693,459,7,2,4746.04,2025-08-19
1694,201,12,1,1563.59,2023-08-28
1695,306,12,2,3127.18,2024-02-09
1696,292,1,4,10195.28,2024-04-16
1697,378,1,4,10195.28,2023-11-10
1698,79,13,2,1834.66,2025-01-29
1699,33,10,2,3583.62,2024-05-07
1700,477,13,3,2751.99,2024-01-06
1701,385,5,3,4748.1,2025-07-18
1702,398,8,3,2938.83,2024-05-26
1703,269,7,4,9492.08,2024-03-02
1704,169,13,3,2751.99,2023-09-29
1705,265,14,3,6875.49,2024-11-12
1706,228,13,5,4586.65,2025-03-30
1707,171,7,3,7119.06,2025-08-21
1708,477,7,3,7119.06,2024-07-04
1709,476,12,1,1563.59,2025-01-20
1710,110,14,4,9167.32,2025-07-02
1711,386,5,4,6330.8,2025-03-20
1712,220,12,2,3127.18,2025-02-13
1713,471,3,4,5278.64,2024-06-17
1714,98,3,5,6598.3,2023-11-12
1715,482,4,1,850.86,2023-11-24
1716,446,5,5,7913.5,2024-06-14
1717,431,9,2,2964.26,2025-07-26
1718,301,14,2,4583.66,2024-11-19
1719,339,8,1,979.61,2024-10-13
1720,247,4,4,3403.44,2025-05-29
1721,496,3,1,1319.66,2024-10-04
1722,432,1,5,12744.1,2023-11-19
1723,20,12,1,1563.59,2023-10-14
1724,405,12,1,1563.59,2024-10-10
1725,453,10,2,3583.62,2024-12-10
1726,76,10,2,3583.62,2024-10-13
1727,331,6,3,3822.93,2024-08-18
1728,52,2,4,9192.28,2025-02-13
1729,251,3,3,3958.98,2025-04-15
1730,294,9,2,2964.26,2023-10-29
1731,311,4,5,4254.3,2024-05-30
1732,292,8,5,4898.05,2024-02-22
1733,147,2,2,4596.14,2024-07-31
1734,215,14,1,2291.83,2025-03-20
1735,384,4,2,1701.72,2024-12-13
1736,92,12,3,4690.77,2025-03-10
1737,142,13,3,2751.99,2024-03-25
1738,87,8,3,2938.83,2024-09-29
1739,280,2,1,2298.07,2024-12-12
1740,203,1,1,2548.82,2023-10-02
1741,97,6,4,5097.24,2025-07-23
1742,453,4,3,2552.58,2023-09-11
1743,475,7,5,11865.1,2023-12-10
1744,64,6,1,1274.31,2024-06-17
1745,247,10,4,7167.24,2024-12-21
1746,153,4,4,3403.44,2024-02-11
1747,447,12,1,1563.59,2025-06-13
1748,177,6,2,2548.62,2025-02-08
1749,46,9,3,4446.39,2024-08-05
1750,484,8,1,979.61,2025-07-27
1751,406,13,5,4586.65,2023-12-21
1752,321,3,2,2639.32,2024-12-26
1753,377,9,5,7410.65,2025-07-10
1754,173,11,4,10934.12,2024-12-26
1755,433,14,1,2291.83,2024-11-17
1756,406,7,3,7119.06,2024-05-04
1757,240,5,1,1582.7,2024-04-07
1758,208,14,1,2291.83,2024-04-20
1759,415,8,1,979.61,2025-02-15
1760,68,13,3,2751.99,2025-07-02
1761,169,5,5,7913.5,2023-10-02
1762,80,8,4,3918.44,2023-09-09
1763,4,10,3,5375.43,2023-10-27
1764,465,3,4,5278.64,2024-02-22
1765,414,1,3,7646.46,2024-11-25
1766,436,3,5,6598.3,2024-09-30
1767,414,13,2,1834.66,2023-11-13
1768,41,7,5,11865.1,2024-07-26
1769,443,8,5,4898.05,2023-10-14
1770,329,13,2,1834.66,2024-05-14
1771,465,7,3,7119.06,2023-11-19
1772,68,12,5,7817.95,2024-05-17
1773,185,10,2,3583.62,2024-03-31
1774,417,2,1,2298.07,2024-05-12
1775,125,2,2,4596.14,2024-08-24
1776,245,12,2,3127.18,2025-02-05
1777,15,13,4,3669.32,2023-09-14
1778,169,5,3,4748.1,2024-11-02
1779,303,5,4,6330.8,2024-03-13
1780,466,9,1,1482.13,2025-03-17
1781,160,14,4,9167.32,2024-11-29
1782,222,14,2,4583.66,2024-05-13
1783,449,13,4,3669.32,2024-09-20
1784,8,9,5,7410.65,2024-05-08
1785,374,7,3,7119.06,2024-05-18
1786,110,10,3,5375.43,2023-11-03
1787,151,13,2,1834.66,2024-12-19
1788,91,12,3,4690.77,2025-07-14
1789,103,13,1,917.33,2023-12-08
1790,181,12,4,6254.36,2025-08-09
1791,80,5,3,4748.1,2023-12-23
1792,364,10,2,3583.62,2025-02-12
1793,443,7,1,2373.02,2024-04-01
1794,342,14,1,2291.83,2024-04-28
1795,422,3,4,5278.64,2023-12-08
1796,211,2,1,2298.07,2024-07-19
1797,347,10,2,3583.62,2025-07-30
1798,275,2,2,4596.14,2024-04-29
1799,166,12,4,6254.36,2023-11-15
1800,286,12,5,7817.95,2025-03-26
1801,407,2,2,4596.14,2024-08-19
1802,415,3,5,6598.3,2025-06-12
1803,302,10,1,1791.81,2024-06-15
1804,448,8,3,2938.83,2023-12-24
1805,110,9,1,1482.13,2025-04-08
1806,253,2,1,2298.07,2025-08-03
1807,333,1,5,12744.1,2025-06-27
1808,97,3,4,5278.64,2025-05-21
1809,387,11,2,5467.06,2024-10-11
1810,267,5,5,7913.5,2024-06-11
1811,380,10,1,1791.81,2024-09-25
1812,77,6,5,6371.55,2024-01-28
1813,414,13,1,917.33,2025-03-09
1814,453,10,3,5375.43,2024-09-14
1815,336,5,5,7913.5,2024-06-26
1816,406,4,5,4254.3,2025-06-08
1817,156,1,5,12744.1,2024-02-06
1818,212,6,1,1274.31,2025-02-09
1819,169,5,3,4748.1,2024-01-06
1820,421,2,3,6894.21,2024-05-09
1821,289,3,3,3958.98,2025-05-07
1822,20,12,1,1563.59,2025-04-25
1823,429,11,5,13667.65,2024-12-07
1824,466,14,4,9167.32,2025-03-21
1825,5,7,2,4746.04,2025-03-15
1826,421,7,5,11865.1,2024-10-29
1827,239,5,1,1582.7,2024-09-14
1828,90,12,5,7817.95,2024-11-18
1829,233,9,1,1482.13,2024-04-24
1830,332,13,1,917.33,2023-11-05
1831,343,1,1,2548.82,2024-01-20
1832,66,7,4,9492.08,2024-02-29
1833,307,3,2,2639.32,2025-08-15
1834,334,9,1,1482.13,2025-01-26
1835,16,14,1,2291.83,2025-08-12
1836,202,7,3,7119.06,2024-05-02
1837,88,14,4,9167.32,2024-02-18
1838,14,11,3,8200.59,2023-09-07
1839,323,7,5,11865.1,2024-02-28
1840,103,9,3,4446.39,2024-10-06
1841,306,4,1,850.86,2023-11-21
1842,213,8,5,4898.05,2025-03-04
1843,499,11,1,2733.53,2025-03-09
1844,429,14,2,4583.66,2025-05-28
1845,174,8,2,1959.22,2024-11-13
1846,291,4,2,1701.72,2024-09-30
1847,19,4,1,850.86,2023-11-13
1848,151,13,3,2751.99,2023-09-05
1849,169,12,3,4690.77,2025-03-21
1850,407,3,2,2639.32,2024-05-08
1851,296,12,4,6254.36,2024-08-27
1852,142,1,4,10195.28,2024-11-19
1853,409,13,1,917.33,2023-09-11
1854,388,10,4,7167.24,2024-11-26
1855,84,13,4,3669.32,2025-08-15
1856,403,4,4,3403.44,2023-12-15
1857,391,7,2,4746.04,2025-07-31
1858,287,11,4,10934.12,2025-03-03
1859,453,10,3,5375.43,2025-05-11
1860,471,1,5,12744.1,2024-01-04
1861,269,4,2,1701.72,2024-09-16
1862,263,7,4,9492.08,2025-03-26
1863,115,10,1,1791.81,2025-01-14
1864,277,2,2,4596.14,2023-12-02
1865,451,3,3,3958.98,2024-11-24
1866,15,6,1,1274.31,2024-05-13
1867,68,10,5,8959.05,2024-10-15
1868,317,13,2,1834.66,2023-10-24
1869,280,7,3,7119.06,2024-03-30
1870,7,13,3,2751.99,2025-05-19
1871,71,1,5,12744.1,2024-02-23
1872,111,12,4,6254.36,2024-10-01
1873,342,10,3,5375.43,2023-10-11
1874,400,7,1,2373.02,2025-03-07
1875,385,4,5,4254.3,2023-09-25
1876,137,4,3,2552.58,2025-03-24
1877,342,2,3,6894.21,2024-01-11
1878,252,6,3,3822.93,2023-10-16
1879,30,5,1,1582.7,2024-02-02
1880,184,5,2,3165.4,2025-06-06
1881,470,6,2,2548.62,2024-09-13
1882,124,14,2,4583.66,2023-12-29
1883,97,11,4,10934.12,2023-12-29
1884,63,9,3,4446.39,2024-12-29
1885,341,3,3,3958.98,2023-11-13
1886,463,7,1,2373.02,2023-12-03
1887,450,9,1,1482.13,2024-11-06
1888,274,7,1,2373.02,2024-12-01
1889,131,13,2,1834.66,2023-11-20
1890,262,5,1,1582.7,2025-07-08
1891,461,2,5,11490.35,2023-09-16
1892,500,7,5,11865.1,2025-04-22
1893,181,3,2,2639.32,2024-11-27
1894,409,2,3,6894.21,2024-04-02
1895,375,14,3,6875.49,2025-04-13
1896,90,8,3,2938.83,2024-12-15
1897,127,14,5,11459.15,2024-04-15
1898,298,12,2,3127.18,2024-02-13
1899,40,8,2,1959.22,2025-05-19
1900,184,7,3,7119.06,2024-12-13
1901,477,6,1,1274.31,2024-01-31
1902,406,3,4,5278.64,2024-12-20
1903,419,11,3,8200.59,2023-12-01
1904,260,3,1,1319.66,2023-12-03
1905,479,13,4,3669.32,2024-04-30
1906,206,13,4,3669.32,2023-11-07
1907,164,14,5,11459.15,2025-02-22
1908,160,8,2,1959.22,2024-12-15
1909,146,1,4,10195.28,2023-11-28
1910,354,13,1,917.33,2025-06-30
1911,238,10,2,3583.62,2025-07-19
1912,35,13,1,917.33,2024-07-11
1913,445,7,2,4746.04,2023-10-19
1914,150,11,1,2733.53,2023-12-30
1915,218,11,5,13667.65,2025-04-21
1916,493,5,5,7913.5,2025-04-05
1917,466,1,5,12744.1,2025-02-13
1918,26,7,4,9492.08,2024-01-03
1919,269,6,2,2548.62,2024-09-30
1920,455,13,2,1834.66,2024-11-30
1921,84,11,1,2733.53,2025-04-11
1922,487,2,5,11490.35,2024-10-26
1923,310,3,3,3958.98,2023-10-23
1924,184,8,5,4898.05,2025-02-17
1925,127,7,2,4746.04,2024-03-06
1926,477,10,5,8959.05,2023-12-22
1927,451,3,3,3958.98,2024-01-16
1928,93,13,1,917.33,2024-04-12
1929,172,3,1,1319.66,2025-05-10
1930,263,6,5,6371.55,2024-10-22
1931,457,4,1,850.86,2024-05-25
1932,377,12,5,7817.95,2024-12-31
1933,497,2,4,9192.28,2024-12-12
1934,268,10,4,7167.24,2024-11-27
1935,147,6,5,6371.55,2024-01-29
1936,47,4,1,850.86,2025-03-17
1937,325,7,3,7119.06,2025-02-17
1938,263,12,3,4690.77,2023-09-19
1939,113,10,3,5375.43,2024-05-02
1940,134,12,1,1563.59,2025-03-03
1941,412,14,4,9167.32,2024-08-01
1942,410,3,1,1319.66,2024-03-30
1943,344,2,4,9192.28,2024-04-14
1944,479,12,3,4690.77,2024-09-16
1945,391,6,3,3822.93,2024-08-18
1946,228,1,3,7646.46,2024-08-13
1947,376,6,2,2548.62,2024-06-23
1948,418,6,3,3822.93,2023-10-19
1949,184,12,4,6254.36,2023-10-31
1950,104,1,4,10195.28,2023-12-14
1951,495,11,5,13667.65,2024-10-27
1952,276,5,4,6330.8,2025-04-24
1953,407,10,1,1791.81,2025-05-21
1954,280,14,1,2291.83,2023-11-25
1955,161,1,4,10195.28,2024-02-26
1956,74,2,2,4596.14,2023-10-09
1957,26,11,5,13667.65,2024-10-13
1958,150,4,3,2552.58,2025-02-18
1959,125,10,1,1791.81,2024-12-06
1960,392,4,4,3403.44,2025-07-16
1961,163,11,3,8200.59,2023-11-23
1962,11,2,4,9192.28,2023-11-06
1963,141,11,4,10934.12,2024-07-17
1964,110,3,4,5278.64,2024-06-08
1965,6,3,1,1319.66,2023-11-16
1966,86,10,1,1791.81,2025-07-02
1967,48,6,1,1274.31,2024-05-27
1968,342,4,2,1701.72,2024-09-01
1969,255,5,3,4748.1,2024-12-13
1970,290,13,3,2751.99,2024-06-20
1971,378,11,5,13667.65,2025-01-18
1972,161,11,4,10934.12,2024-08-29
1973,475,10,5,8959.05,2024-02-05
1974,424,14,1,2291.83,2025-02-19
1975,125,3,2,2639.32,2024-10-13
1976,494,4,1,850.86,2025-07-27
1977,72,2,1,2298.07,2023-09-25
1978,308,9,1,1482.13,2025-03-07
1979,303,14,5,11459.15,2025-03-17
1980,223,8,4,3918.44,2025-06-20
1981,203,1,5,12744.1,2024-06-28
1982,391,11,5,13667.65,2024-08-13
1983,321,6,5,6371.55,2025-05-30
1984,108,3,5,6598.3,2024-02-07
1985,154,9,3,4446.39,2024-04-18
1986,345,7,5,11865.1,2024-09-14
1987,268,13,1,917.33,2025-01-15
1988,235,10,5,8959.05,2025-05-16
1989,127,7,3,7119.06,2024-09-20
1990,286,11,3,8200.59,2024-08-22
1991,378,2,3,6894.21,2024-06-09
1992,294,12,3,4690.77,2023-09-24
1993,494,12,5,7817.95,2024-06-26
1994,137,8,4,3918.44,2024-02-16
1995,53,10,3,5375.43,2023-09-11
1996,166,12,1,1563.59,2025-05-07
1997,367,7,3,7119.06,2024-04-01
1998,381,1,1,2548.82,2025-03-16
1999,431,12,3,4690.77,2024-09-28
2000,427,10,1,1791.81,2024-01-05
